{"cameraMode":{"drawMode":0,"name":"Shaded","section":"Shading Mode"},"sceneLighting":false,"audioPlay":false,"sceneViewState":{"m_AlwaysRefresh":false,"showFog":true,"showSkybox":false,"showFlares":true,"showImageEffects":true,"showParticleSystems":true,"showVisualEffectGraphs":true,"m_FxEnabled":true},"in2DMode":false,"pivot":{"x":1.7358311414718629,"y":0.35312172770500185,"z":-0.44205158948898318},"rotation":{"x":-0.13055464625358582,"y":0.672356128692627,"z":-0.12295930832624436,"w":-0.7182828783988953},"size":0.5418664813041687,"orthographic":false}