{"cameraMode":{"drawMode":0,"name":"Shaded","section":"Shading Mode"},"sceneLighting":false,"audioPlay":false,"sceneViewState":{"m_AlwaysRefresh":false,"showFog":true,"showSkybox":false,"showFlares":true,"showImageEffects":true,"showParticleSystems":true,"showVisualEffectGraphs":true,"m_FxEnabled":true},"in2DMode":false,"pivot":{"x":661.5982055664063,"y":3.8246212005615236,"z":391.30291748046877},"rotation":{"x":0.16955937445163728,"y":0.6983073949813843,"z":-0.17601627111434937,"w":0.6728068590164185},"size":8.984511375427246,"orthographic":true}